hsa-mir-194-1,hsa-mir-29c,0.0286500
hsa-mir-29c,hsa-mir-194-1,0.0286500
hsa-mir-215,hsa-mir-29c,0.0306500
hsa-mir-29c,hsa-mir-215,0.0306500
hsa-mir-215,hsa-mir-126,0.0311300
hsa-mir-215,hsa-mir-10a,0.0364000
hsa-mir-10a,hsa-mir-215,0.0364000
hsa-mir-21,hsa-mir-10a,0.0386200
hsa-mir-10a,hsa-mir-21,0.0386200
hsa-mir-21,hsa-mir-126,0.0418100
hsa-mir-126,hsa-mir-21,0.0418100
hsa-mir-194-1,hsa-mir-27b,0.0444700
hsa-mir-194-1,hsa-mir-28,0.0494000
hsa-mir-28,hsa-mir-194-1,0.0494000
hsa-mir-194-1,hsa-mir-10a,0.0523600
hsa-mir-10a,hsa-mir-194-1,0.0523600
hsa-mir-194-1,hsa-mir-181b-1,0.0530400
hsa-mir-181a-1,hsa-mir-21,0.0541400
hsa-mir-21,hsa-mir-27b,0.0551200
hsa-mir-21,hsa-mir-338,0.0553300
hsa-mir-338,hsa-mir-21,0.0553300
hsa-mir-194-1,hsa-mir-199a-1,0.0564800
hsa-mir-199a-1,hsa-mir-194-1,0.0564800
hsa-mir-21,hsa-mir-181b-1,0.0570100
hsa-mir-181b-1,hsa-mir-21,0.0570100
hsa-mir-194-1,hsa-mir-30a,0.0571200
hsa-mir-30a,hsa-mir-194-1,0.0571200
hsa-mir-21,hsa-mir-494,0.0573900
hsa-mir-494,hsa-mir-21,0.0573900
hsa-mir-215,hsa-mir-494,0.0575400
hsa-mir-215,hsa-mir-617,0.0575400
hsa-mir-21,hsa-mir-30a,0.0578100
hsa-mir-30a,hsa-mir-21,0.0578100
hsa-mir-194-1,hsa-mir-338,0.0587100
hsa-mir-338,hsa-mir-194-1,0.0587100
hsa-mir-194-1,hsa-mir-99a,0.0589800
hsa-mir-194-1,hsa-mir-210,0.0591700
hsa-mir-194-1,hsa-mir-144,0.0601700
hsa-mir-215,hsa-mir-144,0.0603900
hsa-mir-144,hsa-mir-215,0.0603900
hsa-mir-194-1,hsa-mir-199b,0.0605400
hsa-mir-199b,hsa-mir-194-1,0.0605400
hsa-mir-21,hsa-mir-199a-1,0.0613000
hsa-mir-194-1,hsa-mir-494,0.0620900
hsa-mir-194-1,hsa-mir-617,0.0620900
hsa-mir-494,hsa-mir-194-1,0.0620900
hsa-mir-617,hsa-mir-194-1,0.0620900
hsa-mir-21,hsa-mir-144,0.0622000
hsa-mir-126,hsa-mir-194-1,0.0625500
hsa-mir-215,hsa-mir-338,0.0625600
hsa-mir-21,hsa-mir-370,0.0629000
hsa-mir-370,hsa-mir-21,0.0629000
hsa-mir-28,hsa-mir-21,0.0629300
hsa-mir-215,hsa-mir-509-1,0.0632000
hsa-mir-509-1,hsa-mir-215,0.0632000
hsa-mir-215,hsa-mir-513a-1,0.0632700
hsa-mir-513a-1,hsa-mir-215,0.0632700
hsa-mir-21,hsa-mir-29c,0.0640400
hsa-mir-29c,hsa-mir-21,0.0640400
hsa-mir-215,hsa-mir-370,0.0641500
hsa-mir-370,hsa-mir-215,0.0641500
hsa-mir-27b,hsa-mir-215,0.0644000
hsa-mir-215,hsa-mir-27b,0.0644100
hsa-mir-215,hsa-mir-28,0.0659000
hsa-mir-21,hsa-mir-210,0.0665000
hsa-mir-215,hsa-mir-99a,0.0680400
hsa-mir-215,hsa-mir-210,0.0680600
hsa-mir-210,hsa-mir-215,0.0680600
hsa-mir-215,hsa-mir-451,0.0707700
hsa-mir-451,hsa-mir-215,0.0707700
hsa-mir-21,hsa-mir-199b,0.0716900
hsa-mir-199b,hsa-mir-21,0.0716900
hsa-mir-509-1,hsa-mir-194-1,0.0722400
hsa-mir-21,hsa-mir-148a,0.0722700
hsa-mir-194-1,hsa-mir-513a-1,0.0726100
hsa-mir-513a-1,hsa-mir-194-1,0.0726100
hsa-mir-215,hsa-mir-149,0.0737100
hsa-mir-149,hsa-mir-215,0.0737100
hsa-mir-221,hsa-mir-215,0.0754100
hsa-mir-215,hsa-mir-199b,0.0767500
hsa-mir-181a-1,hsa-mir-215,0.0771800
hsa-mir-21,hsa-mir-509-1,0.0777800
hsa-mir-509-1,hsa-mir-21,0.0777800
hsa-mir-194-1,hsa-mir-146a,0.0784700
hsa-mir-146a,hsa-mir-194-1,0.0784700
hsa-mir-21,hsa-mir-221,0.0794100
hsa-mir-194-1,hsa-mir-451,0.0825900
hsa-mir-451,hsa-mir-194-1,0.0825900
hsa-mir-215,hsa-mir-146a,0.0835200
hsa-mir-146a,hsa-mir-215,0.0835200
hsa-mir-194-1,hsa-mir-221,0.0840300
hsa-mir-221,hsa-mir-194-1,0.0840300
hsa-mir-194-1,hsa-mir-181a-1,0.0840800
hsa-mir-21,hsa-mir-99a,0.0847200
hsa-mir-21,hsa-mir-424,0.0853500
hsa-mir-424,hsa-mir-21,0.0853500
hsa-mir-30a,hsa-mir-215,0.0868100
hsa-mir-215,hsa-mir-199a-2,0.0875100
hsa-mir-199a-2,hsa-mir-215,0.0875100
hsa-mir-21,hsa-mir-149,0.0888200
hsa-mir-149,hsa-mir-21,0.0888200
hsa-mir-21,hsa-mir-199a-2,0.0889200
hsa-mir-199a-2,hsa-mir-21,0.0889200
hsa-mir-194-1,hsa-mir-370,0.0927300
hsa-mir-370,hsa-mir-194-1,0.0927300
hsa-mir-215,hsa-mir-424,0.0928000
hsa-mir-424,hsa-mir-215,0.0928000
hsa-mir-21,hsa-mir-513a-1,0.0935600
hsa-mir-215,hsa-mir-148a,0.0953600
hsa-mir-148a,hsa-mir-215,0.0953600
hsa-mir-21,hsa-mir-451,0.0960900
hsa-mir-451,hsa-mir-21,0.0960900
hsa-mir-194-1,hsa-mir-195,0.0983100
hsa-mir-195,hsa-mir-194-1,0.0983100
hsa-mir-194-1,hsa-mir-148a,0.0989200
hsa-mir-148a,hsa-mir-194-1,0.0989200
hsa-mir-194-1,hsa-mir-149,0.1002100
hsa-mir-149,hsa-mir-194-1,0.1002100
hsa-mir-215,hsa-mir-195,0.1019000
hsa-mir-195,hsa-mir-215,0.1019000
hsa-mir-21,hsa-mir-195,0.1019600
hsa-mir-194-1,hsa-mir-424,0.1052100
hsa-mir-424,hsa-mir-194-1,0.1052100
hsa-mir-21,hsa-mir-146a,0.1124300
hsa-mir-194-1,hsa-mir-199a-2,0.1148400
hsa-mir-126,hsa-mir-215,0.1944700
hsa-mir-27b,hsa-mir-194-1,0.2078200
hsa-mir-181b-1,hsa-mir-194-1,0.2170700
hsa-mir-21,hsa-mir-181a-1,0.2174800
hsa-mir-27b,hsa-mir-21,0.2184800
hsa-mir-181b-1,hsa-mir-215,0.2200900
hsa-mir-21,hsa-mir-617,0.2207300
hsa-mir-617,hsa-mir-21,0.2207500
hsa-mir-215,hsa-mir-181b-1,0.2207500
hsa-mir-617,hsa-mir-215,0.2208800
hsa-mir-494,hsa-mir-215,0.2215700
hsa-mir-99a,hsa-mir-194-1,0.2223200
hsa-mir-210,hsa-mir-194-1,0.2225100
hsa-mir-144,hsa-mir-194-1,0.2235100
hsa-mir-199a-1,hsa-mir-21,0.2246500
hsa-mir-144,hsa-mir-21,0.2255500
hsa-mir-338,hsa-mir-215,0.2259000
hsa-mir-194-1,hsa-mir-126,0.2259000
hsa-mir-21,hsa-mir-28,0.2262700
hsa-mir-28,hsa-mir-215,0.2292400
hsa-mir-210,hsa-mir-21,0.2305200
hsa-mir-99a,hsa-mir-215,0.2313800
hsa-mir-194-1,hsa-mir-509-1,0.2355900
hsa-mir-148a,hsa-mir-21,0.2356300
hsa-mir-215,hsa-mir-221,0.2387500
hsa-mir-199b,hsa-mir-215,0.2400900
hsa-mir-215,hsa-mir-181a-1,0.2405200
hsa-mir-221,hsa-mir-21,0.2427600
hsa-mir-99a,hsa-mir-21,0.2480800
hsa-mir-181a-1,hsa-mir-194-1,0.2481000
hsa-mir-215,hsa-mir-30a,0.2508300
hsa-mir-215,hsa-mir-199a-1,0.2517400
hsa-mir-199a-1,hsa-mir-215,0.2517600
hsa-mir-513a-1,hsa-mir-21,0.2569100
hsa-mir-195,hsa-mir-21,0.2653300
hsa-mir-146a,hsa-mir-21,0.2764600
hsa-mir-199a-2,hsa-mir-194-1,0.2788700
hsa-mir-144,hsa-mir-205,0.4863800
hsa-mir-126,hsa-mir-205,0.4863800
hsa-mir-195,hsa-mir-205,0.4863800
hsa-mir-181b-1,hsa-mir-205,0.4863800
hsa-mir-10a,hsa-mir-205,0.4863800
hsa-mir-199a-2,hsa-mir-205,0.4863800
hsa-mir-181a-1,hsa-mir-205,0.4863800
hsa-mir-210,hsa-mir-205,0.4863800
hsa-mir-27b,hsa-mir-205,0.4863800
hsa-mir-221,hsa-mir-205,0.4863800
hsa-mir-199b,hsa-mir-205,0.4863800
hsa-mir-28,hsa-mir-205,0.4863800
hsa-mir-199a-1,hsa-mir-205,0.4863800
hsa-mir-451,hsa-mir-205,0.6496000
hsa-mir-370,hsa-mir-205,0.6496000
hsa-mir-617,hsa-mir-205,0.6496000
hsa-mir-99a,hsa-mir-205,0.6496000
hsa-mir-509-1,hsa-mir-205,0.6496000
hsa-mir-146a,hsa-mir-205,0.6497100
hsa-mir-149,hsa-mir-205,0.6497100
hsa-mir-148a,hsa-mir-205,0.6497100
hsa-mir-29c,hsa-mir-205,0.6497100
hsa-mir-205,hsa-mir-195,0.6515700
hsa-mir-205,hsa-mir-28,0.6515700
hsa-mir-205,hsa-mir-221,0.6518800
hsa-mir-205,hsa-mir-210,0.6520000
hsa-mir-205,hsa-mir-27b,0.6520000
hsa-mir-205,hsa-mir-29c,0.6520000
hsa-mir-205,hsa-mir-181b-1,0.6520000
hsa-mir-205,hsa-mir-146a,0.6520000
hsa-mir-205,hsa-mir-199a-1,0.6520000
hsa-mir-205,hsa-mir-10a,0.6522900
hsa-mir-205,hsa-mir-199a-2,0.6523000
hsa-mir-29c,hsa-mir-203,0.6523400
hsa-mir-28,hsa-mir-203,0.6523400
hsa-mir-146a,hsa-mir-203,0.6523500
hsa-mir-144,hsa-mir-203,0.6523500
hsa-mir-148a,hsa-mir-203,0.6523500
hsa-mir-10a,hsa-mir-203,0.6523500
hsa-mir-195,hsa-mir-203,0.6523500
hsa-mir-181a-1,hsa-mir-203,0.6523500
hsa-mir-126,hsa-mir-203,0.6523500
hsa-mir-149,hsa-mir-203,0.6523500
hsa-mir-181b-1,hsa-mir-203,0.6523500
hsa-mir-210,hsa-mir-203,0.6523500
hsa-mir-221,hsa-mir-203,0.6523500
hsa-mir-199a-1,hsa-mir-203,0.6523500
hsa-mir-199a-2,hsa-mir-203,0.6523500
hsa-mir-199b,hsa-mir-203,0.6523500
hsa-mir-27b,hsa-mir-203,0.6523500
hsa-mir-205,hsa-mir-126,0.6524500
hsa-mir-205,hsa-mir-144,0.6524900
hsa-mir-205,hsa-mir-148a,0.6524900
hsa-mir-205,hsa-mir-199b,0.6524900
hsa-mir-205,hsa-mir-149,0.6527200
hsa-mir-205,hsa-mir-181a-1,0.6527400
hsa-mir-30a,hsa-mir-205,0.8129200
hsa-mir-494,hsa-mir-205,0.8129200
hsa-mir-424,hsa-mir-205,0.8129200
hsa-mir-513a-1,hsa-mir-205,0.8129200
hsa-mir-338,hsa-mir-205,0.8136200
hsa-mir-205,hsa-mir-494,0.8150900
hsa-mir-205,hsa-mir-617,0.8150900
hsa-mir-205,hsa-mir-370,0.8152200
hsa-mir-205,hsa-mir-451,0.8154400
hsa-mir-205,hsa-mir-509-1,0.8154400
hsa-mir-205,hsa-mir-338,0.8154400
hsa-mir-205,hsa-mir-30a,0.8155100
hsa-mir-338,hsa-mir-203,0.8155600
hsa-mir-451,hsa-mir-203,0.8155600
hsa-mir-370,hsa-mir-203,0.8155600
hsa-mir-494,hsa-mir-203,0.8155600
hsa-mir-424,hsa-mir-203,0.8155600
hsa-mir-617,hsa-mir-203,0.8155600
hsa-mir-509-1,hsa-mir-203,0.8155600
hsa-mir-205,hsa-mir-513a-1,0.8156700
hsa-mir-205,hsa-mir-99a,0.8158300
hsa-mir-205,hsa-mir-424,0.8160100
hsa-mir-199a-2,hsa-mir-143,0.8173600
hsa-mir-203,hsa-mir-146a,0.8175400
hsa-mir-203,hsa-mir-149,0.8175400
hsa-mir-221,hsa-mir-143,0.8177900
hsa-mir-203,hsa-mir-148a,0.8178400
hsa-mir-203,hsa-mir-195,0.8178400
hsa-mir-203,hsa-mir-210,0.8181800
hsa-mir-203,hsa-mir-126,0.8181800
hsa-mir-203,hsa-mir-27b,0.8181800
hsa-mir-203,hsa-mir-199a-2,0.8182600
hsa-mir-203,hsa-mir-199a-1,0.8182600
hsa-mir-203,hsa-mir-29c,0.8182600
hsa-mir-203,hsa-mir-144,0.8184600
hsa-mir-203,hsa-mir-28,0.8184600
hsa-mir-203,hsa-mir-181b-1,0.8184600
hsa-mir-144,hsa-mir-143,0.8184900
hsa-mir-210,hsa-mir-143,0.8184900
hsa-mir-126,hsa-mir-143,0.8185500
hsa-mir-203,hsa-mir-221,0.8185700
hsa-mir-203,hsa-mir-199b,0.8185700
hsa-mir-203,hsa-mir-181a-1,0.8185700
hsa-mir-146a,hsa-mir-143,0.8186500
hsa-mir-203,hsa-mir-10a,0.8187000
hsa-mir-10a,hsa-mir-143,0.8187100
hsa-mir-148a,hsa-mir-143,0.8187100
hsa-mir-149,hsa-mir-143,0.8188000
hsa-mir-199b,hsa-mir-143,0.8188000
hsa-mir-195,hsa-mir-143,0.8188000
hsa-mir-181a-1,hsa-mir-143,0.8190800
hsa-mir-28,hsa-mir-143,0.8190900
hsa-mir-29c,hsa-mir-143,0.8191200
hsa-mir-143,hsa-mir-199a-1,0.8191400
hsa-mir-143,hsa-mir-210,0.8191400
hsa-mir-27b,hsa-mir-143,0.8191800
hsa-mir-199a-1,hsa-mir-143,0.8192000
hsa-mir-181b-1,hsa-mir-143,0.8192400
hsa-mir-143,hsa-mir-195,0.8192600
hsa-mir-143,hsa-mir-29c,0.8192600
hsa-mir-143,hsa-mir-199b,0.8194800
hsa-mir-143,hsa-mir-199a-2,0.8194800
hsa-mir-143,hsa-mir-144,0.8194800
hsa-mir-143,hsa-mir-27b,0.8194800
hsa-mir-143,hsa-mir-221,0.8195500
hsa-mir-143,hsa-mir-126,0.8195500
hsa-mir-143,hsa-mir-181b-1,0.8197100
hsa-mir-143,hsa-mir-10a,0.8197500
hsa-mir-143,hsa-mir-28,0.8197500
hsa-mir-143,hsa-mir-149,0.8198700
hsa-mir-143,hsa-mir-146a,0.8199000
hsa-mir-143,hsa-mir-148a,0.8199000
hsa-mir-143,hsa-mir-181a-1,0.8199000
hsa-mir-513a-1,hsa-mir-203,0.9788400
hsa-mir-99a,hsa-mir-203,0.9788500
hsa-mir-30a,hsa-mir-203,0.9788600
hsa-mir-203,hsa-mir-451,0.9801300
hsa-mir-203,hsa-mir-494,0.9805500
hsa-mir-203,hsa-mir-509-1,0.9807500
hsa-mir-203,hsa-mir-617,0.9810600
hsa-mir-203,hsa-mir-513a-1,0.9810600
hsa-mir-203,hsa-mir-30a,0.9810600
hsa-mir-203,hsa-mir-424,0.9811800
hsa-mir-203,hsa-mir-338,0.9811800
hsa-mir-494,hsa-mir-143,0.9812400
hsa-mir-509-1,hsa-mir-143,0.9812400
hsa-mir-451,hsa-mir-143,0.9813900
hsa-mir-203,hsa-mir-370,0.9814000
hsa-mir-203,hsa-mir-99a,0.9816300
hsa-mir-617,hsa-mir-143,0.9818600
hsa-mir-370,hsa-mir-143,0.9818600
hsa-mir-30a,hsa-mir-143,0.9819200
hsa-mir-424,hsa-mir-143,0.9820100
hsa-mir-338,hsa-mir-143,0.9823000
hsa-mir-143,hsa-mir-338,0.9823500
hsa-mir-99a,hsa-mir-143,0.9824300
hsa-mir-513a-1,hsa-mir-143,0.9824700
hsa-mir-143,hsa-mir-617,0.9824800
hsa-mir-143,hsa-mir-451,0.9824800
hsa-mir-143,hsa-mir-513a-1,0.9827000
hsa-mir-143,hsa-mir-370,0.9827000
hsa-mir-143,hsa-mir-99a,0.9827000
hsa-mir-143,hsa-mir-494,0.9827000
hsa-mir-143,hsa-mir-30a,0.9827700
hsa-mir-143,hsa-mir-424,0.9829300
hsa-mir-143,hsa-mir-509-1,0.9830900
hsa-mir-338,hsa-mir-145,0.9847100
hsa-mir-194-1,hsa-mir-145,0.9851100
hsa-mir-215,hsa-mir-145,0.9851400
hsa-mir-21,hsa-mir-145,0.9851600
hsa-mir-149,hsa-mir-145,0.9852000
hsa-mir-145,hsa-mir-194-1,0.9852100
hsa-mir-145,hsa-mir-215,0.9852300
hsa-mir-145,hsa-mir-21,0.9852300
hsa-mir-145,hsa-mir-148a,0.9852900
hsa-mir-181a-1,hsa-mir-145,0.9853600
hsa-mir-513a-1,hsa-mir-145,0.9853600
hsa-mir-145,hsa-mir-181b-1,0.9854200
hsa-mir-424,hsa-mir-145,0.9856400
hsa-mir-145,hsa-mir-10a,0.9857100
hsa-mir-195,hsa-mir-145,0.9858500
hsa-mir-144,hsa-mir-145,0.9858500
hsa-mir-145,hsa-mir-424,0.9858600
hsa-mir-145,hsa-mir-181a-1,0.9859100
hsa-mir-181b-1,hsa-mir-145,0.9860000
hsa-mir-145,hsa-mir-210,0.9860200
hsa-mir-145,hsa-mir-195,0.9860200
hsa-mir-145,hsa-mir-27b,0.9860200
hsa-mir-146a,hsa-mir-145,0.9860400
hsa-mir-199b,hsa-mir-145,0.9860400
hsa-mir-221,hsa-mir-145,0.9860400
hsa-mir-29c,hsa-mir-145,0.9860400
hsa-mir-145,hsa-mir-149,0.9860500
hsa-mir-145,hsa-mir-199a-1,0.9860500
hsa-mir-145,hsa-mir-451,0.9860500
hsa-mir-145,hsa-mir-30a,0.9860500
hsa-mir-30a,hsa-mir-145,0.9861300
hsa-mir-509-1,hsa-mir-145,0.9861300
hsa-mir-145,hsa-mir-338,0.9861300
hsa-mir-145,hsa-mir-199a-2,0.9861500
hsa-mir-145,hsa-mir-144,0.9861500
hsa-mir-145,hsa-mir-28,0.9861500
hsa-mir-145,hsa-mir-99a,0.9861500
hsa-mir-199a-2,hsa-mir-145,0.9862000
hsa-mir-370,hsa-mir-145,0.9862000
hsa-mir-145,hsa-mir-370,0.9862100
hsa-mir-145,hsa-mir-199b,0.9862100
hsa-mir-145,hsa-mir-513a-1,0.9862100
hsa-mir-145,hsa-mir-509-1,0.9862100
hsa-mir-145,hsa-mir-221,0.9862100
hsa-mir-145,hsa-mir-146a,0.9862200
hsa-mir-210,hsa-mir-145,0.9862500
hsa-mir-27b,hsa-mir-145,0.9862500
hsa-mir-617,hsa-mir-145,0.9862500
hsa-mir-145,hsa-mir-617,0.9862600
hsa-mir-145,hsa-mir-126,0.9862700
hsa-mir-28,hsa-mir-145,0.9862700
hsa-mir-148a,hsa-mir-145,0.9862700
hsa-mir-99a,hsa-mir-145,0.9862700
hsa-mir-494,hsa-mir-145,0.9863000
hsa-mir-199a-1,hsa-mir-145,0.9863300
hsa-mir-10a,hsa-mir-145,0.9863300
hsa-mir-145,hsa-mir-494,0.9863500
hsa-mir-451,hsa-mir-145,0.9863500
hsa-mir-145,hsa-mir-29c,0.9863600
hsa-mir-126,hsa-mir-145,0.9863700
hsa-mir-194-1,hsa-mir-143,0.9873000
hsa-mir-143,hsa-mir-21,0.9873000
hsa-mir-21,hsa-mir-143,0.9873000
hsa-mir-143,hsa-mir-215,0.9873100
hsa-mir-215,hsa-mir-143,0.9873100
hsa-mir-143,hsa-mir-194-1,0.9873100
hsa-mir-203,hsa-mir-194-1,0.9890700
hsa-mir-21,hsa-mir-203,0.9890700
hsa-mir-203,hsa-mir-215,0.9890700
hsa-mir-194-1,hsa-mir-203,0.9890700
hsa-mir-203,hsa-mir-21,0.9890700
hsa-mir-215,hsa-mir-203,0.9890700
hsa-mir-194-1,hsa-mir-205,0.9893300
hsa-mir-205,hsa-mir-21,0.9893300
hsa-mir-205,hsa-mir-194-1,0.9893300
hsa-mir-205,hsa-mir-215,0.9893400
hsa-mir-21,hsa-mir-205,0.9893400
hsa-mir-215,hsa-mir-205,0.9893400
hsa-mir-145,hsa-mir-205,0.9915400
hsa-mir-205,hsa-mir-145,0.9915400
hsa-mir-203,hsa-mir-145,0.9918900
hsa-mir-145,hsa-mir-203,0.9919100
hsa-mir-205,hsa-mir-143,0.9938700
hsa-mir-143,hsa-mir-205,0.9938700
hsa-mir-143,hsa-mir-145,0.9940100
hsa-mir-145,hsa-mir-143,0.9940200
hsa-mir-143,hsa-mir-203,0.9941700
hsa-mir-203,hsa-mir-143,0.9941700
hsa-mir-195,hsa-mir-181a-1,0.9946500
hsa-mir-28,hsa-mir-181a-1,0.9946900
hsa-mir-451,hsa-mir-199b,0.9947900
hsa-mir-617,hsa-mir-181a-1,0.9949700
hsa-mir-451,hsa-mir-126,0.9950200
hsa-mir-221,hsa-mir-370,0.9950600
hsa-mir-126,hsa-mir-424,0.9950800
hsa-mir-27b,hsa-mir-181a-1,0.9951900
hsa-mir-199a-1,hsa-mir-29c,0.9952400
hsa-mir-28,hsa-mir-27b,0.9953100
hsa-mir-10a,hsa-mir-338,0.9953400
hsa-mir-126,hsa-mir-199a-1,0.9953900
hsa-mir-338,hsa-mir-29c,0.9954100
hsa-mir-199a-2,hsa-mir-144,0.9954500
hsa-mir-210,hsa-mir-30a,0.9954700
hsa-mir-370,hsa-mir-199b,0.9954900
hsa-mir-221,hsa-mir-617,0.9955000
hsa-mir-210,hsa-mir-509-1,0.9955200
hsa-mir-617,hsa-mir-221,0.9955500
hsa-mir-199a-2,hsa-mir-146a,0.9955600
hsa-mir-199b,hsa-mir-30a,0.9955600
hsa-mir-221,hsa-mir-199a-2,0.9955600
hsa-mir-451,hsa-mir-30a,0.9955700
hsa-mir-494,hsa-mir-181a-1,0.9955700
hsa-mir-617,hsa-mir-146a,0.9955900
hsa-mir-195,hsa-mir-149,0.9956000
hsa-mir-181a-1,hsa-mir-28,0.9956000
hsa-mir-513a-1,hsa-mir-509-1,0.9956200
hsa-mir-221,hsa-mir-199b,0.9956300
hsa-mir-205,hsa-mir-203,0.9956300
hsa-mir-203,hsa-mir-205,0.9956300
hsa-mir-617,hsa-mir-494,0.9956400
hsa-mir-494,hsa-mir-99a,0.9956400
hsa-mir-146a,hsa-mir-126,0.9956500
hsa-mir-27b,hsa-mir-148a,0.9956500
hsa-mir-27b,hsa-mir-195,0.9956600
hsa-mir-199a-1,hsa-mir-338,0.9956800
hsa-mir-370,hsa-mir-10a,0.9956800
hsa-mir-199a-2,hsa-mir-148a,0.9957000
hsa-mir-424,hsa-mir-221,0.9957000
hsa-mir-146a,hsa-mir-199a-1,0.9957100
hsa-mir-149,hsa-mir-617,0.9957100
hsa-mir-181a-1,hsa-mir-338,0.9957200
hsa-mir-126,hsa-mir-30a,0.9957200
hsa-mir-29c,hsa-mir-210,0.9957200
hsa-mir-29c,hsa-mir-148a,0.9957300
hsa-mir-146a,hsa-mir-199a-2,0.9957300
hsa-mir-509-1,hsa-mir-148a,0.9957400
hsa-mir-27b,hsa-mir-221,0.9957500
hsa-mir-10a,hsa-mir-146a,0.9957600
hsa-mir-210,hsa-mir-221,0.9957700
hsa-mir-509-1,hsa-mir-451,0.9957700
hsa-mir-370,hsa-mir-617,0.9957800
hsa-mir-30a,hsa-mir-148a,0.9957800
hsa-mir-210,hsa-mir-28,0.9957900
hsa-mir-199a-2,hsa-mir-10a,0.9957900
hsa-mir-28,hsa-mir-494,0.9957900
hsa-mir-494,hsa-mir-509-1,0.9958000
hsa-mir-509-1,hsa-mir-494,0.9958000
hsa-mir-494,hsa-mir-195,0.9958000
hsa-mir-494,hsa-mir-199a-1,0.9958000
hsa-mir-210,hsa-mir-10a,0.9958000
hsa-mir-126,hsa-mir-494,0.9958000
hsa-mir-199b,hsa-mir-10a,0.9958000
hsa-mir-617,hsa-mir-210,0.9958000
hsa-mir-181a-1,hsa-mir-617,0.9958100
hsa-mir-199a-1,hsa-mir-149,0.9958200
hsa-mir-30a,hsa-mir-27b,0.9958200
hsa-mir-126,hsa-mir-99a,0.9958200
hsa-mir-199a-2,hsa-mir-181a-1,0.9958300
hsa-mir-181b-1,hsa-mir-221,0.9958400
hsa-mir-148a,hsa-mir-181a-1,0.9958400
hsa-mir-99a,hsa-mir-27b,0.9958400
hsa-mir-221,hsa-mir-424,0.9958500
hsa-mir-195,hsa-mir-199b,0.9958600
hsa-mir-195,hsa-mir-148a,0.9958600
hsa-mir-195,hsa-mir-370,0.9958600
hsa-mir-210,hsa-mir-513a-1,0.9958700
hsa-mir-144,hsa-mir-181a-1,0.9958700
hsa-mir-199b,hsa-mir-195,0.9958700
hsa-mir-509-1,hsa-mir-617,0.9958700
hsa-mir-509-1,hsa-mir-30a,0.9958700
hsa-mir-146a,hsa-mir-10a,0.9958700
hsa-mir-99a,hsa-mir-199b,0.9958800
hsa-mir-509-1,hsa-mir-338,0.9958800
hsa-mir-181a-1,hsa-mir-494,0.9958900
hsa-mir-99a,hsa-mir-494,0.9958900
hsa-mir-221,hsa-mir-27b,0.9958900
hsa-mir-451,hsa-mir-28,0.9959000
hsa-mir-199a-2,hsa-mir-221,0.9959000
hsa-mir-617,hsa-mir-509-1,0.9959000
hsa-mir-146a,hsa-mir-617,0.9959000
hsa-mir-199a-1,hsa-mir-494,0.9959000
hsa-mir-29c,hsa-mir-27b,0.9959000
hsa-mir-181a-1,hsa-mir-199a-2,0.9959000
hsa-mir-99a,hsa-mir-617,0.9959000
hsa-mir-126,hsa-mir-181b-1,0.9959100
hsa-mir-370,hsa-mir-148a,0.9959100
hsa-mir-146a,hsa-mir-338,0.9959100
hsa-mir-338,hsa-mir-99a,0.9959100
hsa-mir-10a,hsa-mir-199b,0.9959100
hsa-mir-424,hsa-mir-27b,0.9959100
hsa-mir-126,hsa-mir-27b,0.9959100
hsa-mir-181a-1,hsa-mir-144,0.9959100
hsa-mir-199a-2,hsa-mir-149,0.9959200
hsa-mir-199a-1,hsa-mir-210,0.9959200
hsa-mir-30a,hsa-mir-146a,0.9959200
hsa-mir-199b,hsa-mir-99a,0.9959200
hsa-mir-181b-1,hsa-mir-199a-2,0.9959300
hsa-mir-148a,hsa-mir-199a-2,0.9959300
hsa-mir-148a,hsa-mir-370,0.9959300
hsa-mir-424,hsa-mir-146a,0.9959300
hsa-mir-99a,hsa-mir-199a-1,0.9959400
hsa-mir-27b,hsa-mir-424,0.9959400
hsa-mir-513a-1,hsa-mir-181a-1,0.9959400
hsa-mir-199a-1,hsa-mir-509-1,0.9959500
hsa-mir-370,hsa-mir-494,0.9959500
hsa-mir-199a-1,hsa-mir-99a,0.9959500
hsa-mir-370,hsa-mir-195,0.9959500
hsa-mir-10a,hsa-mir-210,0.9959500
hsa-mir-146a,hsa-mir-494,0.9959500
hsa-mir-181b-1,hsa-mir-28,0.9959500
hsa-mir-221,hsa-mir-181b-1,0.9959500
hsa-mir-494,hsa-mir-146a,0.9959500
hsa-mir-181a-1,hsa-mir-181b-1,0.9959600
hsa-mir-146a,hsa-mir-99a,0.9959600
hsa-mir-199a-1,hsa-mir-617,0.9959700
hsa-mir-221,hsa-mir-338,0.9959700
hsa-mir-181a-1,hsa-mir-513a-1,0.9959700
hsa-mir-99a,hsa-mir-146a,0.9959700
hsa-mir-509-1,hsa-mir-221,0.9959700
hsa-mir-509-1,hsa-mir-199a-1,0.9959700
hsa-mir-199a-1,hsa-mir-513a-1,0.9959700
hsa-mir-28,hsa-mir-451,0.9959700
hsa-mir-181a-1,hsa-mir-221,0.9959800
hsa-mir-199a-1,hsa-mir-195,0.9959800
hsa-mir-181b-1,hsa-mir-509-1,0.9959800
hsa-mir-424,hsa-mir-126,0.9959800
hsa-mir-144,hsa-mir-29c,0.9959800
hsa-mir-30a,hsa-mir-451,0.9959800
hsa-mir-451,hsa-mir-181a-1,0.9959800
hsa-mir-617,hsa-mir-181b-1,0.9959900
hsa-mir-30a,hsa-mir-210,0.9959900
hsa-mir-494,hsa-mir-221,0.9959900
hsa-mir-199b,hsa-mir-199a-2,0.9959900
hsa-mir-199a-1,hsa-mir-199a-2,0.9959900
hsa-mir-513a-1,hsa-mir-617,0.9959900
hsa-mir-149,hsa-mir-424,0.9959900
hsa-mir-199b,hsa-mir-181a-1,0.9959900
hsa-mir-513a-1,hsa-mir-199a-1,0.9959900
hsa-mir-210,hsa-mir-494,0.9960000
hsa-mir-149,hsa-mir-181b-1,0.9960000
hsa-mir-338,hsa-mir-199a-1,0.9960000
hsa-mir-617,hsa-mir-99a,0.9960000
hsa-mir-221,hsa-mir-494,0.9960000
hsa-mir-27b,hsa-mir-126,0.9960000
hsa-mir-148a,hsa-mir-27b,0.9960000
hsa-mir-181a-1,hsa-mir-509-1,0.9960000
hsa-mir-149,hsa-mir-210,0.9960100
hsa-mir-181a-1,hsa-mir-148a,0.9960100
hsa-mir-509-1,hsa-mir-27b,0.9960100
hsa-mir-338,hsa-mir-221,0.9960100
hsa-mir-338,hsa-mir-149,0.9960100
hsa-mir-27b,hsa-mir-146a,0.9960100
hsa-mir-210,hsa-mir-195,0.9960100
hsa-mir-617,hsa-mir-424,0.9960100
hsa-mir-99a,hsa-mir-509-1,0.9960200
hsa-mir-181a-1,hsa-mir-126,0.9960200
hsa-mir-617,hsa-mir-28,0.9960200
hsa-mir-10a,hsa-mir-617,0.9960200
hsa-mir-29c,hsa-mir-451,0.9960200
hsa-mir-513a-1,hsa-mir-210,0.9960200
hsa-mir-199a-2,hsa-mir-28,0.9960300
hsa-mir-28,hsa-mir-199a-2,0.9960300
hsa-mir-199a-1,hsa-mir-126,0.9960300
hsa-mir-28,hsa-mir-10a,0.9960300
hsa-mir-30a,hsa-mir-199a-1,0.9960300
hsa-mir-195,hsa-mir-99a,0.9960300
hsa-mir-199b,hsa-mir-370,0.9960300
hsa-mir-27b,hsa-mir-10a,0.9960300
hsa-mir-28,hsa-mir-148a,0.9960300
hsa-mir-513a-1,hsa-mir-148a,0.9960300
hsa-mir-28,hsa-mir-181b-1,0.9960300
hsa-mir-146a,hsa-mir-27b,0.9960300
hsa-mir-27b,hsa-mir-338,0.9960400
hsa-mir-424,hsa-mir-149,0.9960400
hsa-mir-509-1,hsa-mir-29c,0.9960400
hsa-mir-181a-1,hsa-mir-99a,0.9960400
hsa-mir-181b-1,hsa-mir-370,0.9960400
hsa-mir-509-1,hsa-mir-99a,0.9960400
hsa-mir-148a,hsa-mir-513a-1,0.9960400
hsa-mir-370,hsa-mir-99a,0.9960400
hsa-mir-29c,hsa-mir-30a,0.9960400
hsa-mir-338,hsa-mir-509-1,0.9960400
hsa-mir-29c,hsa-mir-28,0.9960500
hsa-mir-181a-1,hsa-mir-27b,0.9960500
hsa-mir-195,hsa-mir-144,0.9960500
hsa-mir-29c,hsa-mir-370,0.9960500
hsa-mir-149,hsa-mir-195,0.9960500
hsa-mir-199b,hsa-mir-513a-1,0.9960500
hsa-mir-513a-1,hsa-mir-27b,0.9960600
hsa-mir-30a,hsa-mir-424,0.9960600
hsa-mir-424,hsa-mir-30a,0.9960600
hsa-mir-199a-1,hsa-mir-181a-1,0.9960600
hsa-mir-181a-1,hsa-mir-451,0.9960600
hsa-mir-221,hsa-mir-199a-1,0.9960600
hsa-mir-199a-1,hsa-mir-28,0.9960600
hsa-mir-199b,hsa-mir-210,0.9960600
hsa-mir-513a-1,hsa-mir-199b,0.9960600
hsa-mir-28,hsa-mir-199a-1,0.9960600
hsa-mir-144,hsa-mir-370,0.9960600
hsa-mir-181a-1,hsa-mir-195,0.9960600
hsa-mir-99a,hsa-mir-181a-1,0.9960600
hsa-mir-181b-1,hsa-mir-148a,0.9960700
hsa-mir-28,hsa-mir-424,0.9960700
hsa-mir-221,hsa-mir-181a-1,0.9960700
hsa-mir-29c,hsa-mir-126,0.9960700
hsa-mir-210,hsa-mir-199a-2,0.9960700
hsa-mir-28,hsa-mir-146a,0.9960700
hsa-mir-338,hsa-mir-181a-1,0.9960800
hsa-mir-513a-1,hsa-mir-338,0.9960800
hsa-mir-221,hsa-mir-509-1,0.9960800
hsa-mir-99a,hsa-mir-221,0.9960800
hsa-mir-29c,hsa-mir-509-1,0.9960800
hsa-mir-30a,hsa-mir-126,0.9960800
hsa-mir-509-1,hsa-mir-210,0.9960800
hsa-mir-28,hsa-mir-370,0.9960800
hsa-mir-27b,hsa-mir-99a,0.9960800
hsa-mir-617,hsa-mir-199a-1,0.9960800
hsa-mir-181b-1,hsa-mir-199a-1,0.9960800
hsa-mir-370,hsa-mir-28,0.9960900
hsa-mir-30a,hsa-mir-29c,0.9960900
hsa-mir-30a,hsa-mir-513a-1,0.9960900
hsa-mir-10a,hsa-mir-221,0.9960900
hsa-mir-617,hsa-mir-199a-2,0.9960900
hsa-mir-509-1,hsa-mir-195,0.9960900
hsa-mir-181a-1,hsa-mir-370,0.9960900
hsa-mir-494,hsa-mir-370,0.9960900
hsa-mir-148a,hsa-mir-195,0.9960900
hsa-mir-99a,hsa-mir-513a-1,0.9960900
hsa-mir-195,hsa-mir-210,0.9960900
hsa-mir-424,hsa-mir-199a-1,0.9960900
hsa-mir-424,hsa-mir-199a-2,0.9960900
hsa-mir-210,hsa-mir-338,0.9961000
hsa-mir-494,hsa-mir-144,0.9961000
hsa-mir-146a,hsa-mir-30a,0.9961000
hsa-mir-29c,hsa-mir-181b-1,0.9961000
hsa-mir-30a,hsa-mir-195,0.9961000
hsa-mir-99a,hsa-mir-30a,0.9961000
hsa-mir-199b,hsa-mir-148a,0.9961000
hsa-mir-195,hsa-mir-10a,0.9961000
hsa-mir-617,hsa-mir-144,0.9961000
hsa-mir-221,hsa-mir-146a,0.9961000
hsa-mir-28,hsa-mir-195,0.9961000
hsa-mir-494,hsa-mir-424,0.9961000
hsa-mir-494,hsa-mir-148a,0.9961000
hsa-mir-199a-2,hsa-mir-509-1,0.9961100
hsa-mir-181a-1,hsa-mir-199a-1,0.9961100
hsa-mir-144,hsa-mir-99a,0.9961100
hsa-mir-28,hsa-mir-30a,0.9961100
hsa-mir-27b,hsa-mir-181b-1,0.9961100
hsa-mir-370,hsa-mir-144,0.9961100
hsa-mir-617,hsa-mir-10a,0.9961200
hsa-mir-181a-1,hsa-mir-149,0.9961200
hsa-mir-30a,hsa-mir-28,0.9961200
hsa-mir-29c,hsa-mir-199a-1,0.9961200
hsa-mir-195,hsa-mir-509-1,0.9961200
hsa-mir-617,hsa-mir-27b,0.9961200
hsa-mir-99a,hsa-mir-126,0.9961200
hsa-mir-27b,hsa-mir-30a,0.9961200
hsa-mir-10a,hsa-mir-28,0.9961200
hsa-mir-149,hsa-mir-509-1,0.9961200
hsa-mir-199b,hsa-mir-29c,0.9961300
hsa-mir-144,hsa-mir-451,0.9961300
hsa-mir-199b,hsa-mir-451,0.9961300
hsa-mir-10a,hsa-mir-99a,0.9961300
hsa-mir-144,hsa-mir-494,0.9961300
hsa-mir-451,hsa-mir-27b,0.9961300
hsa-mir-10a,hsa-mir-195,0.9961300
hsa-mir-181a-1,hsa-mir-199b,0.9961300
hsa-mir-148a,hsa-mir-181b-1,0.9961300
hsa-mir-28,hsa-mir-509-1,0.9961300
hsa-mir-199a-1,hsa-mir-370,0.9961300
hsa-mir-494,hsa-mir-10a,0.9961300
hsa-mir-30a,hsa-mir-494,0.9961300
hsa-mir-210,hsa-mir-199b,0.9961300
hsa-mir-29c,hsa-mir-221,0.9961300
hsa-mir-181b-1,hsa-mir-210,0.9961400
hsa-mir-370,hsa-mir-210,0.9961400
hsa-mir-146a,hsa-mir-144,0.9961400
hsa-mir-617,hsa-mir-370,0.9961400
hsa-mir-338,hsa-mir-27b,0.9961400
hsa-mir-199a-1,hsa-mir-221,0.9961400
hsa-mir-338,hsa-mir-146a,0.9961400
hsa-mir-424,hsa-mir-148a,0.9961400
hsa-mir-210,hsa-mir-149,0.9961400
hsa-mir-221,hsa-mir-210,0.9961400
hsa-mir-338,hsa-mir-210,0.9961400
hsa-mir-451,hsa-mir-424,0.9961400
hsa-mir-126,hsa-mir-370,0.9961400
hsa-mir-27b,hsa-mir-509-1,0.9961400
hsa-mir-149,hsa-mir-199a-2,0.9961400
hsa-mir-148a,hsa-mir-28,0.9961500
hsa-mir-30a,hsa-mir-181b-1,0.9961500
hsa-mir-28,hsa-mir-144,0.9961500
hsa-mir-27b,hsa-mir-210,0.9961500
hsa-mir-210,hsa-mir-27b,0.9961500
hsa-mir-149,hsa-mir-28,0.9961500
hsa-mir-149,hsa-mir-338,0.9961500
hsa-mir-617,hsa-mir-126,0.9961500
hsa-mir-10a,hsa-mir-424,0.9961500
hsa-mir-126,hsa-mir-146a,0.9961500
hsa-mir-210,hsa-mir-29c,0.9961500
hsa-mir-99a,hsa-mir-338,0.9961500
hsa-mir-494,hsa-mir-210,0.9961500
hsa-mir-199a-2,hsa-mir-210,0.9961500
hsa-mir-195,hsa-mir-451,0.9961500
hsa-mir-338,hsa-mir-424,0.9961500
hsa-mir-451,hsa-mir-509-1,0.9961600
hsa-mir-28,hsa-mir-99a,0.9961600
hsa-mir-181a-1,hsa-mir-210,0.9961600
hsa-mir-29c,hsa-mir-195,0.9961600
hsa-mir-126,hsa-mir-617,0.9961600
hsa-mir-199a-1,hsa-mir-146a,0.9961600
hsa-mir-99a,hsa-mir-10a,0.9961600
hsa-mir-199a-2,hsa-mir-494,0.9961600
hsa-mir-10a,hsa-mir-494,0.9961600
hsa-mir-424,hsa-mir-29c,0.9961600
hsa-mir-424,hsa-mir-99a,0.9961600
hsa-mir-199a-2,hsa-mir-199a-1,0.9961600
hsa-mir-451,hsa-mir-144,0.9961600
hsa-mir-195,hsa-mir-27b,0.9961600
hsa-mir-424,hsa-mir-338,0.9961600
hsa-mir-494,hsa-mir-199a-2,0.9961600
hsa-mir-181b-1,hsa-mir-30a,0.9961600
hsa-mir-199a-1,hsa-mir-424,0.9961600
hsa-mir-370,hsa-mir-27b,0.9961600
hsa-mir-195,hsa-mir-30a,0.9961700
hsa-mir-27b,hsa-mir-494,0.9961700
hsa-mir-148a,hsa-mir-99a,0.9961700
hsa-mir-338,hsa-mir-144,0.9961700
hsa-mir-451,hsa-mir-221,0.9961700
hsa-mir-149,hsa-mir-146a,0.9961700
hsa-mir-221,hsa-mir-451,0.9961700
hsa-mir-126,hsa-mir-28,0.9961700
hsa-mir-146a,hsa-mir-149,0.9961700
hsa-mir-199a-2,hsa-mir-30a,0.9961700
hsa-mir-10a,hsa-mir-27b,0.9961700
hsa-mir-509-1,hsa-mir-181a-1,0.9961700
hsa-mir-451,hsa-mir-195,0.9961700
hsa-mir-181b-1,hsa-mir-338,0.9961700
hsa-mir-221,hsa-mir-99a,0.9961700
hsa-mir-181b-1,hsa-mir-99a,0.9961700
hsa-mir-149,hsa-mir-181a-1,0.9961700
hsa-mir-424,hsa-mir-509-1,0.9961700
hsa-mir-210,hsa-mir-181a-1,0.9961700
hsa-mir-181b-1,hsa-mir-199b,0.9961700
hsa-mir-149,hsa-mir-27b,0.9961800
hsa-mir-144,hsa-mir-199a-2,0.9961800
hsa-mir-148a,hsa-mir-126,0.9961800
hsa-mir-126,hsa-mir-221,0.9961800
hsa-mir-509-1,hsa-mir-513a-1,0.9961800
hsa-mir-199a-2,hsa-mir-199b,0.9961800
hsa-mir-221,hsa-mir-148a,0.9961800
hsa-mir-210,hsa-mir-617,0.9961800
hsa-mir-199a-2,hsa-mir-338,0.9961800
hsa-mir-146a,hsa-mir-28,0.9961800
hsa-mir-149,hsa-mir-144,0.9961800
hsa-mir-28,hsa-mir-29c,0.9961800
hsa-mir-338,hsa-mir-199a-2,0.9961800
hsa-mir-424,hsa-mir-181b-1,0.9961800
hsa-mir-181b-1,hsa-mir-424,0.9961900
hsa-mir-424,hsa-mir-10a,0.9961900
hsa-mir-27b,hsa-mir-28,0.9961900
hsa-mir-27b,hsa-mir-149,0.9961900
hsa-mir-370,hsa-mir-29c,0.9961900
hsa-mir-181b-1,hsa-mir-27b,0.9961900
hsa-mir-30a,hsa-mir-99a,0.9961900
hsa-mir-144,hsa-mir-513a-1,0.9961900
hsa-mir-221,hsa-mir-10a,0.9961900
hsa-mir-199b,hsa-mir-27b,0.9961900
hsa-mir-199a-1,hsa-mir-181b-1,0.9961900
hsa-mir-424,hsa-mir-28,0.9961900
hsa-mir-199a-2,hsa-mir-617,0.9961900
hsa-mir-28,hsa-mir-617,0.9961900
hsa-mir-149,hsa-mir-99a,0.9961900
hsa-mir-221,hsa-mir-28,0.9962000
hsa-mir-181b-1,hsa-mir-126,0.9962000
hsa-mir-126,hsa-mir-181a-1,0.9962000
hsa-mir-148a,hsa-mir-221,0.9962000
hsa-mir-28,hsa-mir-126,0.9962000
hsa-mir-30a,hsa-mir-10a,0.9962000
hsa-mir-210,hsa-mir-144,0.9962000
hsa-mir-148a,hsa-mir-509-1,0.9962000
hsa-mir-148a,hsa-mir-617,0.9962000
hsa-mir-30a,hsa-mir-199a-2,0.9962000
hsa-mir-424,hsa-mir-210,0.9962000
hsa-mir-30a,hsa-mir-221,0.9962000
hsa-mir-126,hsa-mir-451,0.9962000
hsa-mir-99a,hsa-mir-144,0.9962000
hsa-mir-338,hsa-mir-195,0.9962000
hsa-mir-181a-1,hsa-mir-29c,0.9962100
hsa-mir-29c,hsa-mir-199a-2,0.9962100
hsa-mir-494,hsa-mir-149,0.9962100
hsa-mir-509-1,hsa-mir-28,0.9962100
hsa-mir-221,hsa-mir-29c,0.9962100
hsa-mir-28,hsa-mir-149,0.9962100
hsa-mir-99a,hsa-mir-149,0.9962100
hsa-mir-181b-1,hsa-mir-10a,0.9962100
hsa-mir-10a,hsa-mir-144,0.9962200
hsa-mir-144,hsa-mir-424,0.9962200
hsa-mir-29c,hsa-mir-338,0.9962200
hsa-mir-144,hsa-mir-149,0.9962200
hsa-mir-494,hsa-mir-126,0.9962200
hsa-mir-513a-1,hsa-mir-144,0.9962300
hsa-mir-99a,hsa-mir-148a,0.9962300
hsa-mir-195,hsa-mir-494,0.9962300
hsa-mir-27b,hsa-mir-144,0.9962300
hsa-mir-27b,hsa-mir-199b,0.9962300
hsa-mir-144,hsa-mir-617,0.9962300
hsa-mir-126,hsa-mir-10a,0.9962300
hsa-mir-99a,hsa-mir-181b-1,0.9962300
hsa-mir-221,hsa-mir-30a,0.9962300
hsa-mir-509-1,hsa-mir-199b,0.9962300
hsa-mir-199b,hsa-mir-509-1,0.9962400
hsa-mir-149,hsa-mir-199b,0.9962400
hsa-mir-370,hsa-mir-199a-1,0.9962400
hsa-mir-144,hsa-mir-210,0.9962400
hsa-mir-494,hsa-mir-28,0.9962400
hsa-mir-99a,hsa-mir-451,0.9962400
hsa-mir-29c,hsa-mir-199b,0.9962400
hsa-mir-509-1,hsa-mir-149,0.9962400
hsa-mir-513a-1,hsa-mir-451,0.9962400
hsa-mir-199a-2,hsa-mir-29c,0.9962400
hsa-mir-10a,hsa-mir-149,0.9962400
hsa-mir-181b-1,hsa-mir-29c,0.9962400
hsa-mir-210,hsa-mir-370,0.9962500
hsa-mir-149,hsa-mir-126,0.9962500
hsa-mir-513a-1,hsa-mir-146a,0.9962500
hsa-mir-126,hsa-mir-199b,0.9962500
hsa-mir-148a,hsa-mir-29c,0.9962500
hsa-mir-199a-2,hsa-mir-370,0.9962500
hsa-mir-149,hsa-mir-30a,0.9962500
hsa-mir-10a,hsa-mir-181b-1,0.9962500
hsa-mir-30a,hsa-mir-509-1,0.9962500
hsa-mir-146a,hsa-mir-370,0.9962500
hsa-mir-99a,hsa-mir-28,0.9962500
hsa-mir-199a-2,hsa-mir-126,0.9962500
hsa-mir-144,hsa-mir-338,0.9962500
hsa-mir-338,hsa-mir-494,0.9962500
hsa-mir-10a,hsa-mir-30a,0.9962500
hsa-mir-29c,hsa-mir-146a,0.9962500
hsa-mir-199a-2,hsa-mir-424,0.9962500
hsa-mir-30a,hsa-mir-144,0.9962600
hsa-mir-370,hsa-mir-221,0.9962600
hsa-mir-451,hsa-mir-210,0.9962600
hsa-mir-451,hsa-mir-199a-1,0.9962600
hsa-mir-126,hsa-mir-509-1,0.9962600
hsa-mir-144,hsa-mir-199a-1,0.9962600
hsa-mir-221,hsa-mir-144,0.9962600
hsa-mir-513a-1,hsa-mir-424,0.9962600
hsa-mir-338,hsa-mir-370,0.9962600
hsa-mir-148a,hsa-mir-149,0.9962600
hsa-mir-146a,hsa-mir-29c,0.9962600
hsa-mir-451,hsa-mir-148a,0.9962600
hsa-mir-509-1,hsa-mir-424,0.9962600
hsa-mir-27b,hsa-mir-617,0.9962600
hsa-mir-149,hsa-mir-199a-1,0.9962600
hsa-mir-199b,hsa-mir-221,0.9962600
hsa-mir-195,hsa-mir-199a-2,0.9962600
hsa-mir-29c,hsa-mir-424,0.9962600
hsa-mir-30a,hsa-mir-370,0.9962600
hsa-mir-144,hsa-mir-28,0.9962600
hsa-mir-181b-1,hsa-mir-181a-1,0.9962700
hsa-mir-210,hsa-mir-181b-1,0.9962700
hsa-mir-99a,hsa-mir-29c,0.9962700
hsa-mir-30a,hsa-mir-149,0.9962700
hsa-mir-195,hsa-mir-338,0.9962700
hsa-mir-617,hsa-mir-195,0.9962700
hsa-mir-451,hsa-mir-10a,0.9962700
hsa-mir-146a,hsa-mir-451,0.9962700
hsa-mir-144,hsa-mir-221,0.9962700
hsa-mir-617,hsa-mir-451,0.9962800
hsa-mir-338,hsa-mir-10a,0.9962800
hsa-mir-27b,hsa-mir-370,0.9962800
hsa-mir-10a,hsa-mir-126,0.9962800
hsa-mir-99a,hsa-mir-424,0.9962800
hsa-mir-28,hsa-mir-221,0.9962800
hsa-mir-199b,hsa-mir-494,0.9962800
hsa-mir-494,hsa-mir-27b,0.9962800
hsa-mir-148a,hsa-mir-146a,0.9962800
hsa-mir-451,hsa-mir-370,0.9962800
hsa-mir-199a-1,hsa-mir-10a,0.9962800
hsa-mir-148a,hsa-mir-451,0.9962800
hsa-mir-370,hsa-mir-149,0.9962800
hsa-mir-126,hsa-mir-199a-2,0.9962800
hsa-mir-338,hsa-mir-28,0.9962800
hsa-mir-28,hsa-mir-210,0.9962800
hsa-mir-199a-1,hsa-mir-148a,0.9962800
hsa-mir-10a,hsa-mir-509-1,0.9962800
hsa-mir-195,hsa-mir-617,0.9962900
hsa-mir-10a,hsa-mir-199a-2,0.9962900
hsa-mir-144,hsa-mir-30a,0.9962900
hsa-mir-199a-1,hsa-mir-30a,0.9962900
hsa-mir-424,hsa-mir-451,0.9962900
hsa-mir-181b-1,hsa-mir-617,0.9962900
hsa-mir-149,hsa-mir-148a,0.9962900
hsa-mir-199b,hsa-mir-146a,0.9962900
hsa-mir-27b,hsa-mir-513a-1,0.9962900
hsa-mir-148a,hsa-mir-210,0.9962900
hsa-mir-210,hsa-mir-451,0.9962900
hsa-mir-181b-1,hsa-mir-144,0.9962900
hsa-mir-370,hsa-mir-146a,0.9962900
hsa-mir-494,hsa-mir-29c,0.9962900
hsa-mir-29c,hsa-mir-99a,0.9962900
hsa-mir-148a,hsa-mir-199b,0.9962900
hsa-mir-509-1,hsa-mir-10a,0.9962900
hsa-mir-149,hsa-mir-10a,0.9962900
hsa-mir-126,hsa-mir-29c,0.9962900
hsa-mir-513a-1,hsa-mir-126,0.9962900
hsa-mir-513a-1,hsa-mir-195,0.9962900
hsa-mir-617,hsa-mir-30a,0.9962900
hsa-mir-451,hsa-mir-99a,0.9963000
hsa-mir-494,hsa-mir-451,0.9963000
hsa-mir-509-1,hsa-mir-144,0.9963000
hsa-mir-199a-1,hsa-mir-451,0.9963000
hsa-mir-424,hsa-mir-144,0.9963000
hsa-mir-144,hsa-mir-10a,0.9963000
hsa-mir-617,hsa-mir-149,0.9963000
hsa-mir-181a-1,hsa-mir-10a,0.9963000
hsa-mir-144,hsa-mir-146a,0.9963000
hsa-mir-10a,hsa-mir-513a-1,0.9963000
hsa-mir-221,hsa-mir-149,0.9963000
hsa-mir-513a-1,hsa-mir-199a-2,0.9963100
hsa-mir-149,hsa-mir-29c,0.9963100
hsa-mir-195,hsa-mir-221,0.9963100
hsa-mir-370,hsa-mir-338,0.9963100
hsa-mir-195,hsa-mir-513a-1,0.9963100
hsa-mir-494,hsa-mir-617,0.9963100
hsa-mir-195,hsa-mir-126,0.9963100
hsa-mir-370,hsa-mir-181a-1,0.9963100
hsa-mir-146a,hsa-mir-221,0.9963100
hsa-mir-451,hsa-mir-513a-1,0.9963100
hsa-mir-210,hsa-mir-148a,0.9963100
hsa-mir-10a,hsa-mir-199a-1,0.9963100
hsa-mir-513a-1,hsa-mir-494,0.9963100
hsa-mir-199a-1,hsa-mir-144,0.9963100
hsa-mir-28,hsa-mir-199b,0.9963200
hsa-mir-338,hsa-mir-199b,0.9963200
hsa-mir-494,hsa-mir-181b-1,0.9963200
hsa-mir-126,hsa-mir-148a,0.9963200
hsa-mir-10a,hsa-mir-148a,0.9963200
hsa-mir-210,hsa-mir-199a-1,0.9963200
hsa-mir-99a,hsa-mir-199a-2,0.9963200
hsa-mir-370,hsa-mir-126,0.9963200
hsa-mir-28,hsa-mir-513a-1,0.9963200
hsa-mir-144,hsa-mir-126,0.9963200
hsa-mir-148a,hsa-mir-424,0.9963200
hsa-mir-29c,hsa-mir-149,0.9963200
hsa-mir-210,hsa-mir-424,0.9963300
hsa-mir-509-1,hsa-mir-181b-1,0.9963300
hsa-mir-338,hsa-mir-126,0.9963300
hsa-mir-144,hsa-mir-195,0.9963300
hsa-mir-28,hsa-mir-338,0.9963300
hsa-mir-27b,hsa-mir-199a-2,0.9963300
hsa-mir-195,hsa-mir-28,0.9963300
hsa-mir-195,hsa-mir-181b-1,0.9963300
hsa-mir-146a,hsa-mir-513a-1,0.9963300
hsa-mir-181b-1,hsa-mir-195,0.9963300
hsa-mir-494,hsa-mir-30a,0.9963300
hsa-mir-27b,hsa-mir-29c,0.9963400
hsa-mir-617,hsa-mir-199b,0.9963400
hsa-mir-424,hsa-mir-513a-1,0.9963400
hsa-mir-181a-1,hsa-mir-424,0.9963400
hsa-mir-199a-2,hsa-mir-27b,0.9963400
hsa-mir-30a,hsa-mir-617,0.9963400
hsa-mir-181b-1,hsa-mir-451,0.9963400
hsa-mir-451,hsa-mir-146a,0.9963500
hsa-mir-513a-1,hsa-mir-30a,0.9963500
hsa-mir-199a-2,hsa-mir-99a,0.9963500
hsa-mir-146a,hsa-mir-195,0.9963500
hsa-mir-144,hsa-mir-27b,0.9963500
hsa-mir-199b,hsa-mir-149,0.9963500
hsa-mir-509-1,hsa-mir-146a,0.9963500
hsa-mir-99a,hsa-mir-195,0.9963500
hsa-mir-338,hsa-mir-513a-1,0.9963500
hsa-mir-509-1,hsa-mir-126,0.9963500
hsa-mir-513a-1,hsa-mir-28,0.9963500
hsa-mir-29c,hsa-mir-513a-1,0.9963500
hsa-mir-513a-1,hsa-mir-10a,0.9963500
hsa-mir-181b-1,hsa-mir-494,0.9963500
hsa-mir-513a-1,hsa-mir-99a,0.9963500
hsa-mir-424,hsa-mir-370,0.9963500
hsa-mir-148a,hsa-mir-494,0.9963600
hsa-mir-424,hsa-mir-617,0.9963600
hsa-mir-181b-1,hsa-mir-513a-1,0.9963600
hsa-mir-338,hsa-mir-181b-1,0.9963600
hsa-mir-424,hsa-mir-494,0.9963600
hsa-mir-27b,hsa-mir-199a-1,0.9963600
hsa-mir-494,hsa-mir-199b,0.9963600
hsa-mir-370,hsa-mir-181b-1,0.9963700
hsa-mir-29c,hsa-mir-181a-1,0.9963700
hsa-mir-424,hsa-mir-195,0.9963700
hsa-mir-451,hsa-mir-338,0.9963700
hsa-mir-210,hsa-mir-126,0.9963700
hsa-mir-149,hsa-mir-494,0.9963700
hsa-mir-370,hsa-mir-199a-2,0.9963700
hsa-mir-126,hsa-mir-338,0.9963700
hsa-mir-10a,hsa-mir-370,0.9963700
hsa-mir-370,hsa-mir-424,0.9963700
hsa-mir-199b,hsa-mir-617,0.9963700
hsa-mir-149,hsa-mir-221,0.9963700
hsa-mir-30a,hsa-mir-338,0.9963800
hsa-mir-126,hsa-mir-513a-1,0.9963800
hsa-mir-126,hsa-mir-195,0.9963800
hsa-mir-513a-1,hsa-mir-29c,0.9963800
hsa-mir-617,hsa-mir-29c,0.9963800
hsa-mir-513a-1,hsa-mir-149,0.9963800
hsa-mir-195,hsa-mir-29c,0.9963800
hsa-mir-146a,hsa-mir-199b,0.9963800
hsa-mir-199a-2,hsa-mir-513a-1,0.9963800
hsa-mir-199b,hsa-mir-28,0.9963800
hsa-mir-509-1,hsa-mir-199a-2,0.9963800
hsa-mir-617,hsa-mir-513a-1,0.9963800
hsa-mir-30a,hsa-mir-199b,0.9963900
hsa-mir-451,hsa-mir-181b-1,0.9963900
hsa-mir-99a,hsa-mir-210,0.9963900
hsa-mir-10a,hsa-mir-181a-1,0.9963900
hsa-mir-199a-2,hsa-mir-451,0.9963900
hsa-mir-149,hsa-mir-370,0.9963900
hsa-mir-370,hsa-mir-30a,0.9963900
hsa-mir-494,hsa-mir-338,0.9963900
hsa-mir-149,hsa-mir-451,0.9963900
hsa-mir-146a,hsa-mir-509-1,0.9963900
hsa-mir-199b,hsa-mir-126,0.9963900
hsa-mir-199b,hsa-mir-338,0.9963900
hsa-mir-146a,hsa-mir-424,0.9964000
hsa-mir-451,hsa-mir-199a-2,0.9964000
hsa-mir-199a-2,hsa-mir-181b-1,0.9964000
hsa-mir-424,hsa-mir-181a-1,0.9964000
hsa-mir-370,hsa-mir-451,0.9964000
hsa-mir-513a-1,hsa-mir-181b-1,0.9964000
hsa-mir-199a-1,hsa-mir-199b,0.9964000
hsa-mir-509-1,hsa-mir-370,0.9964100
hsa-mir-199a-2,hsa-mir-195,0.9964100
hsa-mir-149,hsa-mir-513a-1,0.9964100
hsa-mir-199b,hsa-mir-181b-1,0.9964100
hsa-mir-210,hsa-mir-99a,0.9964100
hsa-mir-144,hsa-mir-199b,0.9964100
hsa-mir-10a,hsa-mir-451,0.9964100
hsa-mir-29c,hsa-mir-144,0.9964100
hsa-mir-148a,hsa-mir-338,0.9964100
hsa-mir-221,hsa-mir-513a-1,0.9964100
hsa-mir-451,hsa-mir-29c,0.9964200
hsa-mir-617,hsa-mir-338,0.9964200
hsa-mir-451,hsa-mir-617,0.9964200
hsa-mir-148a,hsa-mir-10a,0.9964200
hsa-mir-370,hsa-mir-509-1,0.9964200
hsa-mir-144,hsa-mir-509-1,0.9964200
hsa-mir-221,hsa-mir-195,0.9964300
hsa-mir-338,hsa-mir-30a,0.9964300
hsa-mir-126,hsa-mir-149,0.9964300
hsa-mir-199b,hsa-mir-424,0.9964300
hsa-mir-29c,hsa-mir-617,0.9964300
hsa-mir-126,hsa-mir-210,0.9964300
hsa-mir-126,hsa-mir-144,0.9964400
hsa-mir-29c,hsa-mir-10a,0.9964400
hsa-mir-148a,hsa-mir-199a-1,0.9964400
hsa-mir-617,hsa-mir-148a,0.9964400
hsa-mir-27b,hsa-mir-451,0.9964400
hsa-mir-144,hsa-mir-148a,0.9964400
hsa-mir-451,hsa-mir-494,0.9964400
hsa-mir-181a-1,hsa-mir-146a,0.9964400
hsa-mir-199b,hsa-mir-144,0.9964400
hsa-mir-451,hsa-mir-149,0.9964400
hsa-mir-181b-1,hsa-mir-149,0.9964400
hsa-mir-195,hsa-mir-424,0.9964500
hsa-mir-424,hsa-mir-199b,0.9964500
hsa-mir-195,hsa-mir-146a,0.9964500
hsa-mir-30a,hsa-mir-181a-1,0.9964500
hsa-mir-146a,hsa-mir-210,0.9964500
hsa-mir-29c,hsa-mir-494,0.9964500
hsa-mir-148a,hsa-mir-30a,0.9964500
hsa-mir-494,hsa-mir-513a-1,0.9964600
hsa-mir-221,hsa-mir-126,0.9964600
hsa-mir-370,hsa-mir-513a-1,0.9964600
hsa-mir-199a-1,hsa-mir-27b,0.9964600
hsa-mir-146a,hsa-mir-148a,0.9964600
hsa-mir-513a-1,hsa-mir-370,0.9964600
hsa-mir-148a,hsa-mir-144,0.9964700
hsa-mir-513a-1,hsa-mir-221,0.9964700
hsa-mir-199b,hsa-mir-199a-1,0.9964700
hsa-mir-146a,hsa-mir-181a-1,0.9964700
hsa-mir-210,hsa-mir-146a,0.9964700
hsa-mir-99a,hsa-mir-370,0.9964800
hsa-mir-146a,hsa-mir-181b-1,0.9964800
hsa-mir-338,hsa-mir-451,0.9964800
hsa-mir-195,hsa-mir-199a-1,0.9964900
hsa-mir-338,hsa-mir-617,0.9964900
hsa-mir-181b-1,hsa-mir-146a,0.9964900
hsa-mir-10a,hsa-mir-29c,0.9964900
hsa-mir-144,hsa-mir-181b-1,0.9965100
hsa-mir-181a-1,hsa-mir-30a,0.9965200
hsa-mir-338,hsa-mir-148a,0.9965300
hsa-mir-215,hsa-mir-194-1,0.9968100
hsa-mir-194-1,hsa-mir-215,0.9968100
hsa-mir-21,hsa-mir-215,0.9969100
hsa-mir-215,hsa-mir-21,0.9969200
hsa-mir-194-1,hsa-mir-21,0.9972100
hsa-mir-21,hsa-mir-194-1,0.9972100
